,Column,Importance,Confidence(%),Average CTR 1,Average CTR 0,Variation 1/0,Variation Overall,Standard Deviation,Frequency
37,low,0.0050709000472028,5.662735624650839,0.4094343880267757,0.4076624902730897,0.4346482190448609,0.0764290524658481,0.0986135255580883,84
