,Column,Importance,Confidence(%),Average CTR 1,Average CTR 0,Variation 1/0,Variation Overall,Standard Deviation,Frequency
31,low,0.6931702854889591,59.4611614177788,0.133317844355415,0.1231213548795089,8.281657951120474,1.2499959003341352,0.1048613163280547,583
