,Column,Importance,Confidence(%),Average CTR 1,Average CTR 0,Variation 1/0,Variation Overall,Standard Deviation,Frequency
0,low,4.776186152983057,97.07943120706311,0.1358372960038282,0.1118100696375328,21.48932242345177,3.1634266965361846,0.1040340432805004,560
