,Column,Importance,Confidence(%),Average CTR 1,Average CTR 0,Variation 1/0,Variation Overall,Standard Deviation,Frequency
34,low,0.1037936917628616,25.200376232742762,0.4503001636934776,0.457368275709987,-1.5453874682360564,-0.2762309496123645,0.0895511436452788,84
