,Column,Importance,Confidence(%),Average CTR 1,Average CTR 0,Variation 1/0,Variation Overall,Standard Deviation,Frequency
33,high,0.1037936917628843,25.20037623274538,0.457368275709987,0.4503001636934776,1.5696445585395762,1.2890777648576193,0.0530696336092841,18
